,MSE_tensorflow,R2_tensorflow,MSE_own_NN,R2_own_NN,parameters_own_NN,neurons_first_hidden,learning_rate,regularization
0,0.7893,0.2268,0.7218,0.293,65.0,16.0,0.5,0.0
1,0.4181,0.5905,0.8239,0.193,65.0,16.0,0.1,0.0
2,0.5561,0.4553,0.8388,0.1784,65.0,16.0,0.046415888336127795,0.0
3,0.8163,0.2005,0.8542,0.1632,65.0,16.0,0.021544346900318846,0.0
4,0.8502,0.1672,0.8806,0.1374,65.0,16.0,0.01,0.0
5,0.8716,0.1462,0.921,0.0979,65.0,16.0,0.004641588833612782,0.0
6,0.893,0.1253,0.9599,0.0598,65.0,16.0,0.0021544346900318843,0.0
7,0.9849,0.0353,0.9894,0.0309,65.0,16.0,0.001,0.0
8,0.934,0.0851,1.0133,0.0074,65.0,16.0,0.0004641588833612782,0.0
9,1.0136,0.0072,1.0307,-0.0096,65.0,16.0,0.00021544346900318845,0.0
10,0.9972,0.0233,1.0413,-0.02,65.0,16.0,0.0001,0.0
11,0.4287,0.5801,0.7218,0.2929,65.0,16.0,0.5,1e-05
12,0.462,0.5474,0.8239,0.193,65.0,16.0,0.1,1e-05
13,0.6193,0.3934,0.8388,0.1784,65.0,16.0,0.046415888336127795,1e-05
14,0.8626,0.155,0.8543,0.1632,65.0,16.0,0.021544346900318846,1e-05
15,0.8707,0.1471,0.8806,0.1374,65.0,16.0,0.01,1e-05
16,0.8742,0.1437,0.921,0.0978,65.0,16.0,0.004641588833612782,1e-05
17,0.8752,0.1427,0.9599,0.0598,65.0,16.0,0.0021544346900318843,1e-05
18,0.9315,0.0875,0.9894,0.0309,65.0,16.0,0.001,1e-05
19,0.9957,0.0247,1.0133,0.0075,65.0,16.0,0.0004641588833612782,1e-05
20,0.9117,0.107,1.0307,-0.0096,65.0,16.0,0.00021544346900318845,1e-05
21,1.1623,-0.1385,1.0413,-0.02,65.0,16.0,0.0001,1e-05
22,0.9582,0.0614,0.7219,0.2929,65.0,16.0,0.5,2.782559402207126e-05
23,0.4452,0.5639,0.8238,0.193,65.0,16.0,0.1,2.782559402207126e-05
24,0.642,0.3711,0.8388,0.1784,65.0,16.0,0.046415888336127795,2.782559402207126e-05
25,0.8215,0.1953,0.8543,0.1632,65.0,16.0,0.021544346900318846,2.782559402207126e-05
26,0.8703,0.1475,0.8807,0.1373,65.0,16.0,0.01,2.782559402207126e-05
27,0.8691,0.1487,0.9211,0.0978,65.0,16.0,0.004641588833612782,2.782559402207126e-05
28,0.8938,0.1245,0.9599,0.0597,65.0,16.0,0.0021544346900318843,2.782559402207126e-05
29,0.9265,0.0925,0.9894,0.0309,65.0,16.0,0.001,2.782559402207126e-05
30,0.9972,0.0233,1.0132,0.0075,65.0,16.0,0.0004641588833612782,2.782559402207126e-05
31,0.992,0.0284,1.0306,-0.0095,65.0,16.0,0.00021544346900318845,2.782559402207126e-05
32,1.028,-0.0069,1.0413,-0.02,65.0,16.0,0.0001,2.782559402207126e-05
33,0.7395,0.2756,0.7222,0.2926,65.0,16.0,0.5,7.742636826811278e-05
34,0.4712,0.5384,0.8237,0.1931,65.0,16.0,0.1,7.742636826811278e-05
35,0.6765,0.3374,0.8388,0.1784,65.0,16.0,0.046415888336127795,7.742636826811278e-05
36,0.7988,0.2176,0.8544,0.1631,65.0,16.0,0.021544346900318846,7.742636826811278e-05
37,0.8507,0.1668,0.8809,0.1371,65.0,16.0,0.01,7.742636826811278e-05
38,0.8753,0.1426,0.9214,0.0975,65.0,16.0,0.004641588833612782,7.742636826811278e-05
39,0.8913,0.1269,0.96,0.0596,65.0,16.0,0.0021544346900318843,7.742636826811278e-05
40,0.8984,0.12,0.9893,0.031,65.0,16.0,0.001,7.742636826811278e-05
41,0.9932,0.0272,1.0131,0.0076,65.0,16.0,0.0004641588833612782,7.742636826811278e-05
42,1.0236,-0.0026,1.0305,-0.0094,65.0,16.0,0.00021544346900318845,7.742636826811278e-05
43,0.9794,0.0407,1.0412,-0.0199,65.0,16.0,0.0001,7.742636826811278e-05
44,0.7882,0.228,0.7229,0.2919,65.0,16.0,0.5,0.00021544346900318823
45,0.4668,0.5428,0.8236,0.1932,65.0,16.0,0.1,0.00021544346900318823
46,0.6246,0.3882,0.8389,0.1782,65.0,16.0,0.046415888336127795,0.00021544346900318823
47,0.8623,0.1554,0.8548,0.1627,65.0,16.0,0.021544346900318846,0.00021544346900318823
48,0.8618,0.1559,0.8816,0.1365,65.0,16.0,0.01,0.00021544346900318823
49,0.877,0.141,0.9221,0.0968,65.0,16.0,0.004641588833612782,0.00021544346900318823
50,0.8877,0.1305,0.9603,0.0594,65.0,16.0,0.0021544346900318843,0.00021544346900318823
51,0.9297,0.0894,0.9891,0.0312,65.0,16.0,0.001,0.00021544346900318823
52,1.0723,-0.0503,1.0127,0.008,65.0,16.0,0.0004641588833612782,0.00021544346900318823
53,1.0076,0.013,1.0302,-0.0091,65.0,16.0,0.00021544346900318845,0.00021544346900318823
54,1.0354,-0.0142,1.041,-0.0197,65.0,16.0,0.0001,0.00021544346900318823
55,0.777,0.2389,0.7257,0.2892,65.0,16.0,0.5,0.0005994842503189409
56,0.469,0.5406,0.8241,0.1928,65.0,16.0,0.1,0.0005994842503189409
57,0.6496,0.3637,0.8399,0.1773,65.0,16.0,0.046415888336127795,0.0005994842503189409
58,0.8213,0.1955,0.8562,0.1613,65.0,16.0,0.021544346900318846,0.0005994842503189409
59,0.8428,0.1745,0.8836,0.1345,65.0,16.0,0.01,0.0005994842503189409
60,0.8671,0.1507,0.9241,0.0948,65.0,16.0,0.004641588833612782,0.0005994842503189409
61,0.8945,0.1238,0.9611,0.0586,65.0,16.0,0.0021544346900318843,0.0005994842503189409
62,0.8936,0.1247,0.9886,0.0316,65.0,16.0,0.001,0.0005994842503189409
63,0.962,0.0577,1.0118,0.0089,65.0,16.0,0.0004641588833612782,0.0005994842503189409
64,1.0828,-0.0606,1.0294,-0.0084,65.0,16.0,0.00021544346900318845,0.0005994842503189409
65,1.0127,0.008,1.0405,-0.0192,65.0,16.0,0.0001,0.0005994842503189409
66,0.7567,0.2588,0.7393,0.2759,65.0,16.0,0.5,0.0016681005372000592
67,0.4678,0.5418,0.8302,0.1868,65.0,16.0,0.1,0.0016681005372000592
68,0.606,0.4064,0.8459,0.1714,65.0,16.0,0.046415888336127795,0.0016681005372000592
69,0.7933,0.2229,0.8628,0.1549,65.0,16.0,0.021544346900318846,0.0016681005372000592
70,0.8298,0.1872,0.8908,0.1275,65.0,16.0,0.01,0.0016681005372000592
71,0.8734,0.1445,0.9306,0.0884,65.0,16.0,0.004641588833612782,0.0016681005372000592
72,0.893,0.1253,0.9637,0.056,65.0,16.0,0.0021544346900318843,0.0016681005372000592
73,0.9549,0.0646,0.9879,0.0324,65.0,16.0,0.001,0.0016681005372000592
74,0.8841,0.134,1.0095,0.0111,65.0,16.0,0.0004641588833612782,0.0016681005372000592
75,1.0072,0.0134,1.0274,-0.0063,65.0,16.0,0.00021544346900318845,0.0016681005372000592
76,0.9969,0.0235,1.0392,-0.0179,65.0,16.0,0.0001,0.0016681005372000592
77,0.9238,0.0951,0.8026,0.2138,65.0,16.0,0.5,0.004641588833612777
78,0.5533,0.458,0.8596,0.158,65.0,16.0,0.1,0.004641588833612777
79,0.6724,0.3413,0.8723,0.1455,65.0,16.0,0.046415888336127795,0.004641588833612777
80,0.8139,0.2027,0.8879,0.1303,65.0,16.0,0.021544346900318846,0.004641588833612777
81,0.8482,0.1692,0.9143,0.1044,65.0,16.0,0.01,0.004641588833612777
82,0.8703,0.1476,0.9485,0.0709,65.0,16.0,0.004641588833612782,0.004641588833612777
83,0.8886,0.1296,0.9716,0.0483,65.0,16.0,0.0021544346900318843,0.004641588833612777
84,0.9257,0.0932,0.988,0.0322,65.0,16.0,0.001,0.004641588833612777
85,1.0679,-0.046,1.0053,0.0153,65.0,16.0,0.0004641588833612782,0.004641588833612777
86,0.9279,0.0911,1.0225,-0.0016,65.0,16.0,0.00021544346900318845,0.004641588833612777
87,1.1035,-0.0809,1.0358,-0.0146,65.0,16.0,0.0001,0.004641588833612777
88,0.606,0.4064,0.903,0.1155,65.0,16.0,0.5,0.012915496650148827
89,0.6551,0.3583,0.9203,0.0985,65.0,16.0,0.1,0.012915496650148827
90,0.7504,0.265,0.928,0.091,65.0,16.0,0.046415888336127795,0.012915496650148827
91,0.8465,0.1708,0.9399,0.0794,65.0,16.0,0.021544346900318846,0.012915496650148827
92,0.8728,0.1451,0.9602,0.0595,65.0,16.0,0.01,0.012915496650148827
93,0.873,0.1449,0.9787,0.0414,65.0,16.0,0.004641588833612782,0.012915496650148827
94,0.8821,0.136,0.9872,0.033,65.0,16.0,0.0021544346900318843,0.012915496650148827
95,0.8994,0.119,0.9929,0.0274,65.0,16.0,0.001,0.012915496650148827
96,0.9146,0.1041,1.0012,0.0193,65.0,16.0,0.0004641588833612782,0.012915496650148827
97,1.0418,-0.0205,1.0142,0.0066,65.0,16.0,0.00021544346900318845,0.012915496650148827
98,1.0928,-0.0704,1.0283,-0.0072,65.0,16.0,0.0001,0.012915496650148827
99,0.6865,0.3276,0.9701,0.0498,65.0,16.0,0.5,0.03593813663804626
100,0.7516,0.2638,0.9755,0.0445,65.0,16.0,0.1,0.03593813663804626
101,0.8376,0.1795,0.9804,0.0397,65.0,16.0,0.046415888336127795,0.03593813663804626
102,0.8691,0.1487,0.9891,0.0312,65.0,16.0,0.021544346900318846,0.03593813663804626
103,0.8752,0.1427,0.9988,0.0217,65.0,16.0,0.01,0.03593813663804626
104,0.8823,0.1358,1.0027,0.0179,65.0,16.0,0.004641588833612782,0.03593813663804626
105,0.8891,0.1291,1.0032,0.0174,65.0,16.0,0.0021544346900318843,0.03593813663804626
106,0.9211,0.0978,1.0026,0.018,65.0,16.0,0.001,0.03593813663804626
107,1.068,-0.0462,1.0029,0.0177,65.0,16.0,0.0004641588833612782,0.03593813663804626
108,1.1334,-0.1102,1.0071,0.0135,65.0,16.0,0.00021544346900318845,0.03593813663804626
109,1.119,-0.096,1.0169,0.0039,65.0,16.0,0.0001,0.03593813663804626
110,1.021,-0.0001,1.0032,0.0174,65.0,16.0,0.5,0.1
111,0.8644,0.1533,1.0049,0.0157,65.0,16.0,0.1,0.1
112,0.8704,0.1474,1.0086,0.012,65.0,16.0,0.046415888336127795,0.1
113,0.8858,0.1323,1.0125,0.0082,65.0,16.0,0.021544346900318846,0.1
114,0.891,0.1272,1.0138,0.0069,65.0,16.0,0.01,0.1
115,0.8963,0.122,1.0137,0.007,65.0,16.0,0.004641588833612782,0.1
116,0.8972,0.1212,1.0128,0.008,65.0,16.0,0.0021544346900318843,0.1
117,0.9599,0.0598,1.0111,0.0096,65.0,16.0,0.001,0.1
118,1.0355,-0.0143,1.009,0.0117,65.0,16.0,0.0004641588833612782,0.1
119,1.026,-0.005,1.0075,0.0132,65.0,16.0,0.00021544346900318845,0.1
120,0.9924,0.0279,1.0091,0.0116,65.0,16.0,0.0001,0.1
121,1.0352,-0.014,0.7123,0.3023,129.0,32.0,0.5,0.0
122,0.4724,0.5373,0.7653,0.2503,129.0,32.0,0.1,0.0
123,0.7392,0.2759,0.7882,0.228,129.0,32.0,0.046415888336127795,0.0
124,0.8646,0.1532,0.8039,0.2125,129.0,32.0,0.021544346900318846,0.0
125,0.8691,0.1487,0.823,0.1938,129.0,32.0,0.01,0.0
126,0.8766,0.1413,0.8652,0.1526,129.0,32.0,0.004641588833612782,0.0
127,0.8849,0.1332,0.9543,0.0653,129.0,32.0,0.0021544346900318843,0.0
128,0.9124,0.1062,0.989,0.0313,129.0,32.0,0.001,0.0
129,0.9519,0.0676,0.9989,0.0216,129.0,32.0,0.0004641588833612782,0.0
130,0.9584,0.0612,1.0028,0.0178,129.0,32.0,0.00021544346900318845,0.0
131,1.0613,-0.0396,1.0045,0.0161,129.0,32.0,0.0001,0.0
132,1.0644,-0.0426,0.7124,0.3022,129.0,32.0,0.5,1e-05
133,0.5012,0.509,0.7654,0.2503,129.0,32.0,0.1,1e-05
134,0.7118,0.3028,0.7882,0.228,129.0,32.0,0.046415888336127795,1e-05
135,0.8671,0.1507,0.8039,0.2125,129.0,32.0,0.021544346900318846,1e-05
136,0.8735,0.1444,0.8231,0.1938,129.0,32.0,0.01,1e-05
137,0.8761,0.1418,0.8652,0.1525,129.0,32.0,0.004641588833612782,1e-05
138,0.883,0.1351,0.9543,0.0652,129.0,32.0,0.0021544346900318843,1e-05
139,0.9349,0.0843,0.989,0.0313,129.0,32.0,0.001,1e-05
140,0.9578,0.0618,0.9989,0.0216,129.0,32.0,0.0004641588833612782,1e-05
141,0.9741,0.0458,1.0028,0.0178,129.0,32.0,0.00021544346900318845,1e-05
142,1.0625,-0.0408,1.0045,0.0161,129.0,32.0,0.0001,1e-05
143,1.0211,-0.0002,0.7124,0.3021,129.0,32.0,0.5,2.782559402207126e-05
144,0.5072,0.5032,0.7655,0.2502,129.0,32.0,0.1,2.782559402207126e-05
145,0.6851,0.3289,0.7882,0.2279,129.0,32.0,0.046415888336127795,2.782559402207126e-05
146,0.8738,0.1441,0.804,0.2125,129.0,32.0,0.021544346900318846,2.782559402207126e-05
147,0.8706,0.1473,0.8231,0.1937,129.0,32.0,0.01,2.782559402207126e-05
148,0.876,0.142,0.8653,0.1524,129.0,32.0,0.004641588833612782,2.782559402207126e-05
149,0.8943,0.124,0.9544,0.0651,129.0,32.0,0.0021544346900318843,2.782559402207126e-05
150,0.9114,0.1072,0.989,0.0313,129.0,32.0,0.001,2.782559402207126e-05
151,0.9419,0.0774,0.9989,0.0216,129.0,32.0,0.0004641588833612782,2.782559402207126e-05
152,0.9475,0.0719,1.0028,0.0178,129.0,32.0,0.00021544346900318845,2.782559402207126e-05
153,1.0183,0.0025,1.0045,0.0161,129.0,32.0,0.0001,2.782559402207126e-05
154,1.0235,-0.0025,0.7127,0.3019,129.0,32.0,0.5,7.742636826811278e-05
155,0.548,0.4632,0.7657,0.25,129.0,32.0,0.1,7.742636826811278e-05
156,0.8348,0.1823,0.7884,0.2278,129.0,32.0,0.046415888336127795,7.742636826811278e-05
157,0.8627,0.1549,0.8041,0.2124,129.0,32.0,0.021544346900318846,7.742636826811278e-05
158,0.8666,0.1511,0.8233,0.1936,129.0,32.0,0.01,7.742636826811278e-05
159,0.8751,0.1428,0.8656,0.1521,129.0,32.0,0.004641588833612782,7.742636826811278e-05
160,0.8878,0.1304,0.9547,0.0649,129.0,32.0,0.0021544346900318843,7.742636826811278e-05
161,0.9108,0.1079,0.989,0.0312,129.0,32.0,0.001,7.742636826811278e-05
162,1.005,0.0156,0.9989,0.0216,129.0,32.0,0.0004641588833612782,7.742636826811278e-05
163,0.9982,0.0222,1.0028,0.0178,129.0,32.0,0.00021544346900318845,7.742636826811278e-05
164,1.0801,-0.058,1.0045,0.0161,129.0,32.0,0.0001,7.742636826811278e-05
165,0.8823,0.1358,0.7135,0.3011,129.0,32.0,0.5,0.00021544346900318823
166,0.4619,0.5475,0.7664,0.2493,129.0,32.0,0.1,0.00021544346900318823
167,0.7017,0.3127,0.7888,0.2274,129.0,32.0,0.046415888336127795,0.00021544346900318823
168,0.8708,0.147,0.8045,0.212,129.0,32.0,0.021544346900318846,0.00021544346900318823
169,0.8775,0.1405,0.8237,0.1931,129.0,32.0,0.01,0.00021544346900318823
170,0.8761,0.1419,0.8665,0.1512,129.0,32.0,0.004641588833612782,0.00021544346900318823
171,0.8846,0.1335,0.9553,0.0642,129.0,32.0,0.0021544346900318843,0.00021544346900318823
172,0.9165,0.1022,0.9891,0.0311,129.0,32.0,0.001,0.00021544346900318823
173,0.9449,0.0744,0.9989,0.0215,129.0,32.0,0.0004641588833612782,0.00021544346900318823
174,1.0972,-0.0748,1.0028,0.0178,129.0,32.0,0.00021544346900318845,0.00021544346900318823
175,0.9157,0.1031,1.0045,0.0161,129.0,32.0,0.0001,0.00021544346900318823
176,1.0256,-0.0046,0.7164,0.2983,129.0,32.0,0.5,0.0005994842503189409
177,0.4809,0.5289,0.769,0.2467,129.0,32.0,0.1,0.0005994842503189409
178,0.7245,0.2903,0.7905,0.2256,129.0,32.0,0.046415888336127795,0.0005994842503189409
179,0.8608,0.1569,0.806,0.2105,129.0,32.0,0.021544346900318846,0.0005994842503189409
180,0.8777,0.1403,0.8254,0.1915,129.0,32.0,0.01,0.0005994842503189409
181,0.8774,0.1405,0.8693,0.1485,129.0,32.0,0.004641588833612782,0.0005994842503189409
182,0.8871,0.1311,0.9571,0.0625,129.0,32.0,0.0021544346900318843,0.0005994842503189409
183,0.9322,0.0869,0.9894,0.0308,129.0,32.0,0.001,0.0005994842503189409
184,0.9286,0.0904,0.999,0.0215,129.0,32.0,0.0004641588833612782,0.0005994842503189409
185,1.0174,0.0034,1.0028,0.0178,129.0,32.0,0.00021544346900318845,0.0005994842503189409
186,1.0317,-0.0106,1.0045,0.0161,129.0,32.0,0.0001,0.0005994842503189409
187,0.8395,0.1777,0.7301,0.2848,129.0,32.0,0.5,0.0016681005372000592
188,0.6373,0.3758,0.7799,0.2361,129.0,32.0,0.1,0.0016681005372000592
189,0.7329,0.2821,0.7988,0.2175,129.0,32.0,0.046415888336127795,0.0016681005372000592
190,0.8635,0.1542,0.8132,0.2035,129.0,32.0,0.021544346900318846,0.0016681005372000592
191,0.8721,0.1458,0.8324,0.1846,129.0,32.0,0.01,0.0016681005372000592
192,0.8736,0.1443,0.8782,0.1398,129.0,32.0,0.004641588833612782,0.0016681005372000592
193,0.8808,0.1373,0.9616,0.0581,129.0,32.0,0.0021544346900318843,0.0016681005372000592
194,0.9408,0.0785,0.9903,0.03,129.0,32.0,0.001,0.0016681005372000592
195,0.9199,0.0989,0.9992,0.0213,129.0,32.0,0.0004641588833612782,0.0016681005372000592
196,0.9373,0.0819,1.0028,0.0177,129.0,32.0,0.00021544346900318845,0.0016681005372000592
197,1.0628,-0.041,1.0045,0.0161,129.0,32.0,0.0001,0.0016681005372000592
198,1.0346,-0.0134,0.7872,0.229,129.0,32.0,0.5,0.004641588833612777
199,0.8106,0.206,0.8223,0.1945,129.0,32.0,0.1,0.004641588833612777
200,0.7158,0.2988,0.8333,0.1838,129.0,32.0,0.046415888336127795,0.004641588833612777
201,0.8692,0.1486,0.8433,0.174,129.0,32.0,0.021544346900318846,0.004641588833612777
202,0.8772,0.1407,0.8597,0.1579,129.0,32.0,0.01,0.004641588833612777
203,0.8751,0.1428,0.9054,0.1132,129.0,32.0,0.004641588833612782,0.004641588833612777
204,0.8814,0.1367,0.9713,0.0486,129.0,32.0,0.0021544346900318843,0.004641588833612777
205,0.9136,0.1051,0.9923,0.0281,129.0,32.0,0.001,0.004641588833612777
206,0.9814,0.0387,0.9996,0.0208,129.0,32.0,0.0004641588833612782,0.004641588833612777
207,0.925,0.0939,1.003,0.0176,129.0,32.0,0.00021544346900318845,0.004641588833612777
208,1.039,-0.0177,1.0045,0.0161,129.0,32.0,0.0001,0.004641588833612777
209,1.0276,-0.0065,0.8846,0.1335,129.0,32.0,0.5,0.012915496650148827
210,0.7097,0.3048,0.9018,0.1167,129.0,32.0,0.1,0.012915496650148827
211,0.9077,0.1109,0.9053,0.1132,129.0,32.0,0.046415888336127795,0.012915496650148827
212,0.8846,0.1335,0.9098,0.1089,129.0,32.0,0.021544346900318846,0.012915496650148827
213,0.8746,0.1433,0.9201,0.0987,129.0,32.0,0.01,0.012915496650148827
214,0.8787,0.1393,0.9555,0.064,129.0,32.0,0.004641588833612782,0.012915496650148827
215,0.9214,0.0974,0.9864,0.0338,129.0,32.0,0.0021544346900318843,0.012915496650148827
216,0.9022,0.1163,0.9964,0.024,129.0,32.0,0.001,0.012915496650148827
217,0.9253,0.0936,1.0009,0.0196,129.0,32.0,0.0004641588833612782,0.012915496650148827
218,0.9967,0.0237,1.0033,0.0172,129.0,32.0,0.00021544346900318845,0.012915496650148827
219,0.952,0.0674,1.0046,0.016,129.0,32.0,0.0001,0.012915496650148827
220,1.0211,-0.0002,0.9623,0.0574,129.0,32.0,0.5,0.03593813663804626
221,0.88,0.1381,0.967,0.0528,129.0,32.0,0.1,0.03593813663804626
222,0.8804,0.1376,0.9683,0.0515,129.0,32.0,0.046415888336127795,0.03593813663804626
223,0.8849,0.1332,0.9709,0.0489,129.0,32.0,0.021544346900318846,0.03593813663804626
224,0.8803,0.1377,0.9792,0.0409,129.0,32.0,0.01,0.03593813663804626
225,0.8812,0.1368,0.9944,0.026,129.0,32.0,0.004641588833612782,0.03593813663804626
226,0.8893,0.1289,1.0007,0.0198,129.0,32.0,0.0021544346900318843,0.03593813663804626
227,0.9168,0.102,1.0027,0.0179,129.0,32.0,0.001,0.03593813663804626
228,0.9463,0.0731,1.0035,0.017,129.0,32.0,0.0004641588833612782,0.03593813663804626
229,0.9277,0.0913,1.0043,0.0163,129.0,32.0,0.00021544346900318845,0.03593813663804626
230,1.0019,0.0186,1.0049,0.0156,129.0,32.0,0.0001,0.03593813663804626
231,1.0338,-0.0127,0.9991,0.0214,129.0,32.0,0.5,0.1
232,0.8793,0.1387,1.0002,0.0203,129.0,32.0,0.1,0.1
233,0.8827,0.1353,1.0012,0.0193,129.0,32.0,0.046415888336127795,0.1
234,0.8857,0.1325,1.0038,0.0168,129.0,32.0,0.021544346900318846,0.1
235,0.8914,0.1268,1.0082,0.0125,129.0,32.0,0.01,0.1
236,0.8965,0.1219,1.0101,0.0106,129.0,32.0,0.004641588833612782,0.1
237,0.9152,0.1035,1.01,0.0107,129.0,32.0,0.0021544346900318843,0.1
238,0.9357,0.0835,1.009,0.0117,129.0,32.0,0.001,0.1
239,0.9396,0.0796,1.0076,0.013,129.0,32.0,0.0004641588833612782,0.1
240,0.9994,0.0211,1.0065,0.0142,129.0,32.0,0.00021544346900318845,0.1
241,0.9515,0.0679,1.0059,0.0147,129.0,32.0,0.0001,0.1
242,0.8486,0.1688,0.7071,0.3074,257.0,64.0,0.5,0.0
243,0.766,0.2497,0.7587,0.2569,257.0,64.0,0.1,0.0
244,0.8497,0.1677,0.7929,0.2233,257.0,64.0,0.046415888336127795,0.0
245,0.8782,0.1398,0.8176,0.1991,257.0,64.0,0.021544346900318846,0.0
246,0.878,0.14,0.8366,0.1806,257.0,64.0,0.01,0.0
247,0.8769,0.1411,0.8582,0.1594,257.0,64.0,0.004641588833612782,0.0
248,0.8848,0.1333,0.9,0.1185,257.0,64.0,0.0021544346900318843,0.0
249,0.9197,0.0991,1.1285,-0.1054,257.0,64.0,0.001,0.0
250,0.9177,0.1011,1.3883,-0.3599,257.0,64.0,0.0004641588833612782,0.0
251,0.9756,0.0444,1.4567,-0.4269,257.0,64.0,0.00021544346900318845,0.0
252,0.9764,0.0436,1.489,-0.4585,257.0,64.0,0.0001,0.0
253,1.0242,-0.0032,0.7071,0.3073,257.0,64.0,0.5,1e-05
254,0.6804,0.3335,0.7587,0.2568,257.0,64.0,0.1,1e-05
255,0.9399,0.0793,0.7929,0.2233,257.0,64.0,0.046415888336127795,1e-05
256,0.8741,0.1438,0.8176,0.1992,257.0,64.0,0.021544346900318846,1e-05
257,0.8779,0.14,0.8366,0.1806,257.0,64.0,0.01,1e-05
258,0.8784,0.1396,0.8582,0.1594,257.0,64.0,0.004641588833612782,1e-05
259,0.8847,0.1334,0.8999,0.1185,257.0,64.0,0.0021544346900318843,1e-05
260,0.904,0.1145,1.1274,-0.1043,257.0,64.0,0.001,1e-05
261,1.0035,0.017,1.3881,-0.3596,257.0,64.0,0.0004641588833612782,1e-05
262,0.9211,0.0978,1.4566,-0.4267,257.0,64.0,0.00021544346900318845,1e-05
263,0.9664,0.0534,1.4889,-0.4584,257.0,64.0,0.0001,1e-05
264,1.0214,-0.0005,0.7072,0.3073,257.0,64.0,0.5,2.782559402207126e-05
265,0.7743,0.2416,0.7588,0.2568,257.0,64.0,0.1,2.782559402207126e-05
266,0.8668,0.151,0.7929,0.2233,257.0,64.0,0.046415888336127795,2.782559402207126e-05
267,0.8899,0.1283,0.8176,0.1992,257.0,64.0,0.021544346900318846,2.782559402207126e-05
268,0.8799,0.1381,0.8365,0.1806,257.0,64.0,0.01,2.782559402207126e-05
269,0.8772,0.1408,0.8582,0.1594,257.0,64.0,0.004641588833612782,2.782559402207126e-05
270,0.8869,0.1313,0.8999,0.1186,257.0,64.0,0.0021544346900318843,2.782559402207126e-05
271,0.9082,0.1104,1.1255,-0.1025,257.0,64.0,0.001,2.782559402207126e-05
272,0.9709,0.049,1.3876,-0.3591,257.0,64.0,0.0004641588833612782,2.782559402207126e-05
273,0.9796,0.0405,1.4564,-0.4265,257.0,64.0,0.00021544346900318845,2.782559402207126e-05
274,1.008,0.0126,1.4888,-0.4583,257.0,64.0,0.0001,2.782559402207126e-05
275,1.0269,-0.0059,0.7074,0.3071,257.0,64.0,0.5,7.742636826811278e-05
276,0.6582,0.3552,0.7589,0.2566,257.0,64.0,0.1,7.742636826811278e-05
277,0.8415,0.1757,0.7929,0.2233,257.0,64.0,0.046415888336127795,7.742636826811278e-05
278,0.8761,0.1419,0.8175,0.1993,257.0,64.0,0.021544346900318846,7.742636826811278e-05
279,0.8771,0.1409,0.8365,0.1806,257.0,64.0,0.01,7.742636826811278e-05
280,0.8775,0.1405,0.8582,0.1594,257.0,64.0,0.004641588833612782,7.742636826811278e-05
281,0.8818,0.1363,0.8997,0.1187,257.0,64.0,0.0021544346900318843,7.742636826811278e-05
282,0.8983,0.1201,1.1203,-0.0973,257.0,64.0,0.001,7.742636826811278e-05
283,0.9394,0.0798,1.3862,-0.3578,257.0,64.0,0.0004641588833612782,7.742636826811278e-05
284,0.9976,0.0228,1.4558,-0.426,257.0,64.0,0.00021544346900318845,7.742636826811278e-05
285,1.0202,0.0007,1.4885,-0.458,257.0,64.0,0.0001,7.742636826811278e-05
286,1.0328,-0.0116,0.7079,0.3066,257.0,64.0,0.5,0.00021544346900318823
287,0.5679,0.4437,0.7596,0.256,257.0,64.0,0.1,0.00021544346900318823
288,0.837,0.1801,0.7931,0.2232,257.0,64.0,0.046415888336127795,0.00021544346900318823
289,0.8749,0.143,0.8174,0.1993,257.0,64.0,0.021544346900318846,0.00021544346900318823
290,0.88,0.1381,0.8365,0.1806,257.0,64.0,0.01,0.00021544346900318823
291,0.8773,0.1406,0.8583,0.1593,257.0,64.0,0.004641588833612782,0.00021544346900318823
292,0.8833,0.1348,0.8994,0.119,257.0,64.0,0.0021544346900318843,0.00021544346900318823
293,0.9012,0.1173,1.1059,-0.0832,257.0,64.0,0.001,0.00021544346900318823
294,0.9243,0.0947,1.3823,-0.354,257.0,64.0,0.0004641588833612782,0.00021544346900318823
295,0.9862,0.034,1.4542,-0.4244,257.0,64.0,0.00021544346900318845,0.00021544346900318823
296,1.0461,-0.0247,1.4877,-0.4572,257.0,64.0,0.0001,0.00021544346900318823
297,1.036,-0.0148,0.7099,0.3046,257.0,64.0,0.5,0.0005994842503189409
298,0.7326,0.2824,0.7619,0.2537,257.0,64.0,0.1,0.0005994842503189409
299,0.9233,0.0956,0.7943,0.222,257.0,64.0,0.046415888336127795,0.0005994842503189409
300,0.8716,0.1462,0.818,0.1987,257.0,64.0,0.021544346900318846,0.0005994842503189409
301,0.8764,0.1415,0.8371,0.1801,257.0,64.0,0.01,0.0005994842503189409
302,0.8781,0.1399,0.859,0.1585,257.0,64.0,0.004641588833612782,0.0005994842503189409
303,0.8859,0.1323,0.8994,0.119,257.0,64.0,0.0021544346900318843,0.0005994842503189409
304,0.8957,0.1227,1.0683,-0.0464,257.0,64.0,0.001,0.0005994842503189409
305,0.9125,0.1062,1.3713,-0.3432,257.0,64.0,0.0004641588833612782,0.0005994842503189409
306,1.0269,-0.0059,1.4497,-0.42,257.0,64.0,0.00021544346900318845,0.0005994842503189409
307,0.9659,0.0539,1.4853,-0.4549,257.0,64.0,0.0001,0.0005994842503189409
308,1.028,-0.007,0.7199,0.2948,257.0,64.0,0.5,0.0016681005372000592
309,0.6576,0.3558,0.7732,0.2427,257.0,64.0,0.1,0.0016681005372000592
310,0.8706,0.1472,0.8022,0.2142,257.0,64.0,0.046415888336127795,0.0016681005372000592
311,0.8797,0.1384,0.824,0.1929,257.0,64.0,0.021544346900318846,0.0016681005372000592
312,0.878,0.14,0.8424,0.1749,257.0,64.0,0.01,0.0016681005372000592
313,0.8782,0.1398,0.8645,0.1532,257.0,64.0,0.004641588833612782,0.0016681005372000592
314,0.8804,0.1376,0.9037,0.1148,257.0,64.0,0.0021544346900318843,0.0016681005372000592
315,0.8939,0.1244,0.9947,0.0257,257.0,64.0,0.001,0.0016681005372000592
316,1.0068,0.0138,1.3384,-0.311,257.0,64.0,0.0004641588833612782,0.0016681005372000592
317,0.9643,0.0554,1.4374,-0.4079,257.0,64.0,0.00021544346900318845,0.0016681005372000592
318,0.9888,0.0314,1.479,-0.4487,257.0,64.0,0.0001,0.0016681005372000592
319,1.0675,-0.0456,0.7745,0.2414,257.0,64.0,0.5,0.004641588833612777
320,0.7369,0.2782,0.8213,0.1955,257.0,64.0,0.1,0.004641588833612777
321,0.9364,0.0828,0.839,0.1782,257.0,64.0,0.046415888336127795,0.004641588833612777
322,0.8932,0.1251,0.8536,0.1639,257.0,64.0,0.021544346900318846,0.004641588833612777
323,0.8783,0.1397,0.8683,0.1495,257.0,64.0,0.01,0.004641588833612777
324,0.8787,0.1393,0.89,0.1282,257.0,64.0,0.004641588833612782,0.004641588833612777
325,0.8846,0.1336,0.9264,0.0926,257.0,64.0,0.0021544346900318843,0.004641588833612777
326,0.9343,0.0849,0.9546,0.0649,257.0,64.0,0.001,0.004641588833612777
327,0.953,0.0665,1.2233,-0.1983,257.0,64.0,0.0004641588833612782,0.004641588833612777
328,0.9266,0.0924,1.403,-0.3743,257.0,64.0,0.00021544346900318845,0.004641588833612777
329,0.9935,0.0269,1.462,-0.4321,257.0,64.0,0.0001,0.004641588833612777
330,1.0361,-0.0149,0.8774,0.1406,257.0,64.0,0.5,0.012915496650148827
331,0.7409,0.2743,0.9066,0.112,257.0,64.0,0.1,0.012915496650148827
332,0.8908,0.1274,0.9128,0.1059,257.0,64.0,0.046415888336127795,0.012915496650148827
333,0.9216,0.0973,0.9182,0.1006,257.0,64.0,0.021544346900318846,0.012915496650148827
334,0.8789,0.1391,0.9268,0.0922,257.0,64.0,0.01,0.012915496650148827
335,0.8786,0.1394,0.9457,0.0737,257.0,64.0,0.004641588833612782,0.012915496650148827
336,0.8906,0.1276,0.9699,0.0499,257.0,64.0,0.0021544346900318843,0.012915496650148827
337,0.9266,0.0924,0.9797,0.0404,257.0,64.0,0.001,0.012915496650148827
338,0.9614,0.0583,0.9923,0.028,257.0,64.0,0.0004641588833612782,0.012915496650148827
339,0.9622,0.0575,1.2884,-0.262,257.0,64.0,0.00021544346900318845,0.012915496650148827
340,0.9955,0.0249,1.4179,-0.3888,257.0,64.0,0.0001,0.012915496650148827
341,1.0489,-0.0274,0.9622,0.0575,257.0,64.0,0.5,0.03593813663804626
342,0.9002,0.1182,0.9706,0.0493,257.0,64.0,0.1,0.03593813663804626
343,0.9475,0.0719,0.9726,0.0473,257.0,64.0,0.046415888336127795,0.03593813663804626
344,0.8809,0.1371,0.9755,0.0445,257.0,64.0,0.021544346900318846,0.03593813663804626
345,0.8819,0.1361,0.9827,0.0375,257.0,64.0,0.01,0.03593813663804626
346,0.8818,0.1363,0.9946,0.0258,257.0,64.0,0.004641588833612782,0.03593813663804626
347,0.8927,0.1256,1.0018,0.0188,257.0,64.0,0.0021544346900318843,0.03593813663804626
348,0.9231,0.0958,1.003,0.0176,257.0,64.0,0.001,0.03593813663804626
349,0.9408,0.0784,1.0009,0.0196,257.0,64.0,0.0004641588833612782,0.03593813663804626
350,1.0307,-0.0096,1.0062,0.0144,257.0,64.0,0.00021544346900318845,0.03593813663804626
351,0.9557,0.0639,1.2731,-0.247,257.0,64.0,0.0001,0.03593813663804626
352,1.0283,-0.0073,1.0212,-0.0003,257.0,64.0,0.5,0.1
353,0.938,0.0812,1.0022,0.0183,257.0,64.0,0.1,0.1
354,0.8978,0.1206,1.0034,0.0172,257.0,64.0,0.046415888336127795,0.1
355,0.8898,0.1284,1.006,0.0146,257.0,64.0,0.021544346900318846,0.1
356,0.8917,0.1265,1.0105,0.0102,257.0,64.0,0.01,0.1
357,0.8967,0.1217,1.0135,0.0073,257.0,64.0,0.004641588833612782,0.1
358,0.9139,0.1048,1.0139,0.0068,257.0,64.0,0.0021544346900318843,0.1
359,0.9118,0.1068,1.0131,0.0077,257.0,64.0,0.001,0.1
360,0.9666,0.0532,1.0115,0.0092,257.0,64.0,0.0004641588833612782,0.1
361,0.9706,0.0493,1.0089,0.0117,257.0,64.0,0.00021544346900318845,0.1
362,0.9479,0.0715,1.009,0.0117,257.0,64.0,0.0001,0.1
363,0.7737,0.2421,0.7056,0.3088,513.0,128.0,0.5,0.0
364,0.8017,0.2148,0.7526,0.2629,513.0,128.0,0.1,0.0
365,0.7615,0.254,0.788,0.2282,513.0,128.0,0.046415888336127795,0.0
366,0.8819,0.1361,0.8122,0.2044,513.0,128.0,0.021544346900318846,0.0
367,0.8874,0.1308,0.8262,0.1907,513.0,128.0,0.01,0.0
368,0.8788,0.1392,0.8379,0.1793,513.0,128.0,0.004641588833612782,0.0
369,0.8863,0.1318,0.8505,0.1669,513.0,128.0,0.0021544346900318843,0.0
370,0.9094,0.1092,0.8646,0.1531,513.0,128.0,0.001,0.0
371,0.9435,0.0758,0.8821,0.136,513.0,128.0,0.0004641588833612782,0.0
372,1.02,0.0009,0.9034,0.1151,513.0,128.0,0.00021544346900318845,0.0
373,1.0644,-0.0427,0.9191,0.0997,513.0,128.0,0.0001,0.0
374,1.0601,-0.0384,0.7056,0.3088,513.0,128.0,0.5,1e-05
375,0.7668,0.2489,0.7526,0.2629,513.0,128.0,0.1,1e-05
376,0.806,0.2105,0.7879,0.2282,513.0,128.0,0.046415888336127795,1e-05
377,0.9668,0.053,0.8122,0.2045,513.0,128.0,0.021544346900318846,1e-05
378,0.8786,0.1394,0.8262,0.1907,513.0,128.0,0.01,1e-05
379,0.8801,0.1379,0.8379,0.1793,513.0,128.0,0.004641588833612782,1e-05
380,0.884,0.1341,0.8505,0.1669,513.0,128.0,0.0021544346900318843,1e-05
381,0.8967,0.1217,0.8647,0.1531,513.0,128.0,0.001,1e-05
382,0.9527,0.0668,0.8822,0.1359,513.0,128.0,0.0004641588833612782,1e-05
383,1.0218,-0.0009,0.9035,0.115,513.0,128.0,0.00021544346900318845,1e-05
384,1.0307,-0.0096,0.9191,0.0997,513.0,128.0,0.0001,1e-05
385,1.0526,-0.031,0.7057,0.3088,513.0,128.0,0.5,2.782559402207126e-05
386,1.0191,0.0018,0.7526,0.2629,513.0,128.0,0.1,2.782559402207126e-05
387,0.7846,0.2315,0.7878,0.2284,513.0,128.0,0.046415888336127795,2.782559402207126e-05
388,0.8781,0.1399,0.8121,0.2046,513.0,128.0,0.021544346900318846,2.782559402207126e-05
389,0.8813,0.1367,0.8261,0.1908,513.0,128.0,0.01,2.782559402207126e-05
390,0.8794,0.1386,0.8379,0.1793,513.0,128.0,0.004641588833612782,2.782559402207126e-05
391,0.8828,0.1353,0.8505,0.1669,513.0,128.0,0.0021544346900318843,2.782559402207126e-05
392,0.904,0.1145,0.8647,0.153,513.0,128.0,0.001,2.782559402207126e-05
393,0.9549,0.0647,0.8822,0.1358,513.0,128.0,0.0004641588833612782,2.782559402207126e-05
394,0.9993,0.0212,0.9035,0.115,513.0,128.0,0.00021544346900318845,2.782559402207126e-05
395,1.0315,-0.0104,0.9191,0.0997,513.0,128.0,0.0001,2.782559402207126e-05
396,1.0212,-0.0003,0.7058,0.3087,513.0,128.0,0.5,7.742636826811278e-05
397,1.0207,0.0002,0.7526,0.2628,513.0,128.0,0.1,7.742636826811278e-05
398,0.8012,0.2152,0.7875,0.2286,513.0,128.0,0.046415888336127795,7.742636826811278e-05
399,0.897,0.1214,0.8118,0.2048,513.0,128.0,0.021544346900318846,7.742636826811278e-05
400,0.8937,0.1246,0.826,0.1909,513.0,128.0,0.01,7.742636826811278e-05
401,0.8791,0.1389,0.8379,0.1793,513.0,128.0,0.004641588833612782,7.742636826811278e-05
402,0.8851,0.1331,0.8506,0.1668,513.0,128.0,0.0021544346900318843,7.742636826811278e-05
403,0.9146,0.1041,0.8648,0.1529,513.0,128.0,0.001,7.742636826811278e-05
404,0.957,0.0626,0.8825,0.1356,513.0,128.0,0.0004641588833612782,7.742636826811278e-05
405,0.9543,0.0652,0.9037,0.1148,513.0,128.0,0.00021544346900318845,7.742636826811278e-05
406,1.0439,-0.0225,0.9192,0.0996,513.0,128.0,0.0001,7.742636826811278e-05
407,1.028,-0.0069,0.7061,0.3083,513.0,128.0,0.5,0.00021544346900318823
408,0.8229,0.194,0.7528,0.2627,513.0,128.0,0.1,0.00021544346900318823
409,0.7799,0.2361,0.7869,0.2292,513.0,128.0,0.046415888336127795,0.00021544346900318823
410,0.8957,0.1227,0.8112,0.2054,513.0,128.0,0.021544346900318846,0.00021544346900318823
411,0.8789,0.1391,0.8258,0.1911,513.0,128.0,0.01,0.00021544346900318823
412,0.8791,0.1389,0.8379,0.1792,513.0,128.0,0.004641588833612782,0.00021544346900318823
413,0.8841,0.134,0.8507,0.1667,513.0,128.0,0.0021544346900318843,0.00021544346900318823
414,0.913,0.1057,0.8651,0.1527,513.0,128.0,0.001,0.00021544346900318823
415,0.9415,0.0777,0.8831,0.135,513.0,128.0,0.0004641588833612782,0.00021544346900318823
416,0.9386,0.0806,0.9043,0.1142,513.0,128.0,0.00021544346900318845,0.00021544346900318823
417,0.9902,0.0301,0.9195,0.0993,513.0,128.0,0.0001,0.00021544346900318823
418,1.0233,-0.0024,0.7076,0.3069,513.0,128.0,0.5,0.0005994842503189409
419,0.6712,0.3426,0.7541,0.2613,513.0,128.0,0.1,0.0005994842503189409
420,0.7934,0.2228,0.7866,0.2295,513.0,128.0,0.046415888336127795,0.0005994842503189409
421,0.882,0.1361,0.8106,0.206,513.0,128.0,0.021544346900318846,0.0005994842503189409
422,0.8791,0.1389,0.826,0.1909,513.0,128.0,0.01,0.0005994842503189409
423,0.8789,0.1391,0.8386,0.1786,513.0,128.0,0.004641588833612782,0.0005994842503189409
424,0.8821,0.136,0.8516,0.1658,513.0,128.0,0.0021544346900318843,0.0005994842503189409
425,0.8985,0.1199,0.8663,0.1515,513.0,128.0,0.001,0.0005994842503189409
426,0.9383,0.0809,0.8851,0.133,513.0,128.0,0.0004641588833612782,0.0005994842503189409
427,0.9744,0.0456,0.9058,0.1127,513.0,128.0,0.00021544346900318845,0.0005994842503189409
428,1.0231,-0.0021,0.9203,0.0985,513.0,128.0,0.0001,0.0005994842503189409
429,1.0216,-0.0007,0.7159,0.2988,513.0,128.0,0.5,0.0016681005372000592
430,1.0237,-0.0027,0.7637,0.2519,513.0,128.0,0.1,0.0016681005372000592
431,0.8154,0.2013,0.7932,0.2231,513.0,128.0,0.046415888336127795,0.0016681005372000592
432,0.8842,0.1339,0.8157,0.201,513.0,128.0,0.021544346900318846,0.0016681005372000592
433,0.8793,0.1387,0.8312,0.1858,513.0,128.0,0.01,0.0016681005372000592
434,0.8788,0.1392,0.8442,0.1731,513.0,128.0,0.004641588833612782,0.0016681005372000592
435,0.8821,0.136,0.8571,0.1605,513.0,128.0,0.0021544346900318843,0.0016681005372000592
436,0.9273,0.0917,0.872,0.1458,513.0,128.0,0.001,0.0016681005372000592
437,0.9685,0.0514,0.8913,0.127,513.0,128.0,0.0004641588833612782,0.0016681005372000592
438,0.9979,0.0226,0.9101,0.1086,513.0,128.0,0.00021544346900318845,0.0016681005372000592
439,1.0011,0.0194,0.9225,0.0964,513.0,128.0,0.0001,0.0016681005372000592
440,1.0209,-0.0,0.7819,0.2341,513.0,128.0,0.5,0.004641588833612777
441,0.8657,0.152,0.8121,0.2045,513.0,128.0,0.1,0.004641588833612777
442,0.7874,0.2288,0.831,0.186,513.0,128.0,0.046415888336127795,0.004641588833612777
443,0.8901,0.1281,0.8469,0.1704,513.0,128.0,0.021544346900318846,0.004641588833612777
444,0.886,0.1322,0.8593,0.1583,513.0,128.0,0.01,0.004641588833612777
445,0.8791,0.1389,0.8708,0.147,513.0,128.0,0.004641588833612782,0.004641588833612777
446,0.8855,0.1327,0.8824,0.1357,513.0,128.0,0.0021544346900318843,0.004641588833612777
447,0.9191,0.0997,0.8959,0.1224,513.0,128.0,0.001,0.004641588833612777
448,0.9643,0.0555,0.9103,0.1084,513.0,128.0,0.0004641588833612782,0.004641588833612777
449,1.0058,0.0148,0.9215,0.0974,513.0,128.0,0.00021544346900318845,0.004641588833612777
450,0.9845,0.0356,0.9282,0.0908,513.0,128.0,0.0001,0.004641588833612777
451,1.023,-0.002,0.852,0.1654,513.0,128.0,0.5,0.012915496650148827
452,1.0216,-0.0007,0.8999,0.1185,513.0,128.0,0.1,0.012915496650148827
453,0.8339,0.1832,0.9073,0.1113,513.0,128.0,0.046415888336127795,0.012915496650148827
454,0.8795,0.1385,0.9137,0.105,513.0,128.0,0.021544346900318846,0.012915496650148827
455,0.8797,0.1383,0.9203,0.0985,513.0,128.0,0.01,0.012915496650148827
456,0.8796,0.1384,0.9281,0.0909,513.0,128.0,0.004641588833612782,0.012915496650148827
457,0.8923,0.126,0.9372,0.082,513.0,128.0,0.0021544346900318843,0.012915496650148827
458,0.9115,0.1072,0.9456,0.0738,513.0,128.0,0.001,0.012915496650148827
459,0.9479,0.0715,0.9485,0.071,513.0,128.0,0.0004641588833612782,0.012915496650148827
460,0.9845,0.0357,0.946,0.0734,513.0,128.0,0.00021544346900318845,0.012915496650148827
461,1.0267,-0.0057,0.9419,0.0774,513.0,128.0,0.0001,0.012915496650148827
462,1.0499,-0.0284,0.9605,0.0591,513.0,128.0,0.5,0.03593813663804626
463,1.0215,-0.0006,0.9677,0.0521,513.0,128.0,0.1,0.03593813663804626
464,0.8495,0.1679,0.9704,0.0495,513.0,128.0,0.046415888336127795,0.03593813663804626
465,0.8884,0.1298,0.9731,0.0468,513.0,128.0,0.021544346900318846,0.03593813663804626
466,0.886,0.1321,0.9767,0.0433,513.0,128.0,0.01,0.03593813663804626
467,0.8841,0.134,0.9812,0.0389,513.0,128.0,0.004641588833612782,0.03593813663804626
468,0.8907,0.1276,0.9856,0.0346,513.0,128.0,0.0021544346900318843,0.03593813663804626
469,0.9251,0.0938,0.9873,0.0329,513.0,128.0,0.001,0.03593813663804626
470,0.9411,0.0782,0.9844,0.0358,513.0,128.0,0.0004641588833612782,0.03593813663804626
471,0.998,0.0224,0.9766,0.0434,513.0,128.0,0.00021544346900318845,0.03593813663804626
472,1.0086,0.012,0.9653,0.0545,513.0,128.0,0.0001,0.03593813663804626
473,1.0358,-0.0145,1.0212,-0.0003,513.0,128.0,0.5,0.1
474,1.0206,0.0003,1.0011,0.0194,513.0,128.0,0.1,0.1
475,0.8839,0.1342,1.0022,0.0183,513.0,128.0,0.046415888336127795,0.1
476,0.9146,0.1041,1.0037,0.0168,513.0,128.0,0.021544346900318846,0.1
477,0.8909,0.1273,1.0056,0.015,513.0,128.0,0.01,0.1
478,0.8972,0.1212,1.0075,0.0132,513.0,128.0,0.004641588833612782,0.1
479,0.9066,0.1119,1.0083,0.0124,513.0,128.0,0.0021544346900318843,0.1
480,0.9045,0.1141,1.0071,0.0135,513.0,128.0,0.001,0.1
481,0.9818,0.0384,1.0038,0.0168,513.0,128.0,0.0004641588833612782,0.1
482,0.9389,0.0804,0.9979,0.0226,513.0,128.0,0.00021544346900318845,0.1
483,1.0035,0.017,0.9886,0.0317,513.0,128.0,0.0001,0.1
484,1.0248,-0.0038,0.7033,0.3111,1025.0,256.0,0.5,0.0
485,1.021,-0.0001,0.7437,0.2715,1025.0,256.0,0.1,0.0
486,1.0162,0.0046,0.7975,0.2188,1025.0,256.0,0.046415888336127795,0.0
487,0.8692,0.1486,0.8357,0.1814,1025.0,256.0,0.021544346900318846,0.0
488,0.8799,0.1381,0.8536,0.1639,1025.0,256.0,0.01,0.0
489,0.8865,0.1316,0.8702,0.1476,1025.0,256.0,0.004641588833612782,0.0
490,0.8829,0.1352,0.8965,0.1219,1025.0,256.0,0.0021544346900318843,0.0
491,0.9101,0.1085,0.9672,0.0526,1025.0,256.0,0.001,0.0
492,0.9365,0.0827,1.0012,0.0193,1025.0,256.0,0.0004641588833612782,0.0
493,0.997,0.0234,1.0381,-0.0168,1025.0,256.0,0.00021544346900318845,0.0
494,0.9952,0.0251,1.1126,-0.0898,1025.0,256.0,0.0001,0.0
495,0.7184,0.2963,0.7034,0.311,1025.0,256.0,0.5,1e-05
496,1.0137,0.0071,0.7437,0.2716,1025.0,256.0,0.1,1e-05
497,0.7238,0.291,0.7974,0.219,1025.0,256.0,0.046415888336127795,1e-05
498,0.8549,0.1626,0.8356,0.1815,1025.0,256.0,0.021544346900318846,1e-05
499,0.8954,0.123,0.8536,0.1639,1025.0,256.0,0.01,1e-05
500,0.88,0.138,0.8702,0.1476,1025.0,256.0,0.004641588833612782,1e-05
501,0.8843,0.1338,0.8966,0.1218,1025.0,256.0,0.0021544346900318843,1e-05
502,0.9094,0.1092,0.9674,0.0524,1025.0,256.0,0.001,1e-05
503,0.9295,0.0895,1.0012,0.0193,1025.0,256.0,0.0004641588833612782,1e-05
504,0.9851,0.035,1.038,-0.0167,1025.0,256.0,0.00021544346900318845,1e-05
505,0.9867,0.0335,1.1125,-0.0897,1025.0,256.0,0.0001,1e-05
506,1.0492,-0.0277,0.7034,0.311,1025.0,256.0,0.5,2.782559402207126e-05
507,1.0209,0.0,0.7437,0.2716,1025.0,256.0,0.1,2.782559402207126e-05
508,0.8342,0.1829,0.7971,0.2192,1025.0,256.0,0.046415888336127795,2.782559402207126e-05
509,0.8736,0.1443,0.8356,0.1816,1025.0,256.0,0.021544346900318846,2.782559402207126e-05
510,0.8791,0.1389,0.8536,0.1639,1025.0,256.0,0.01,2.782559402207126e-05
511,0.8805,0.1375,0.8702,0.1476,1025.0,256.0,0.004641588833612782,2.782559402207126e-05
512,0.8853,0.1328,0.8967,0.1216,1025.0,256.0,0.0021544346900318843,2.782559402207126e-05
513,0.904,0.1145,0.9676,0.0522,1025.0,256.0,0.001,2.782559402207126e-05
514,0.9476,0.0718,1.0012,0.0193,1025.0,256.0,0.0004641588833612782,2.782559402207126e-05
515,0.9914,0.0289,1.0378,-0.0166,1025.0,256.0,0.00021544346900318845,2.782559402207126e-05
516,0.9812,0.0389,1.1122,-0.0894,1025.0,256.0,0.0001,2.782559402207126e-05
517,1.022,-0.001,0.7035,0.3109,1025.0,256.0,0.5,7.742636826811278e-05
518,1.0221,-0.0011,0.7437,0.2716,1025.0,256.0,0.1,7.742636826811278e-05
519,1.0355,-0.0143,0.7965,0.2198,1025.0,256.0,0.046415888336127795,7.742636826811278e-05
520,0.8789,0.1391,0.8354,0.1817,1025.0,256.0,0.021544346900318846,7.742636826811278e-05
521,0.8825,0.1355,0.8536,0.1639,1025.0,256.0,0.01,7.742636826811278e-05
522,0.8885,0.1297,0.8703,0.1475,1025.0,256.0,0.004641588833612782,7.742636826811278e-05
523,0.8883,0.1299,0.8973,0.1211,1025.0,256.0,0.0021544346900318843,7.742636826811278e-05
524,0.912,0.1067,0.9684,0.0515,1025.0,256.0,0.001,7.742636826811278e-05
525,0.9258,0.0932,1.0012,0.0193,1025.0,256.0,0.0004641588833612782,7.742636826811278e-05
526,0.9771,0.0429,1.0374,-0.0161,1025.0,256.0,0.00021544346900318845,7.742636826811278e-05
527,0.9953,0.0251,1.1114,-0.0887,1025.0,256.0,0.0001,7.742636826811278e-05
528,1.071,-0.0491,0.7039,0.3105,1025.0,256.0,0.5,0.00021544346900318823
529,1.0221,-0.0012,0.7439,0.2714,1025.0,256.0,0.1,0.00021544346900318823
530,0.9908,0.0295,0.7952,0.2211,1025.0,256.0,0.046415888336127795,0.00021544346900318823
531,0.8713,0.1465,0.8349,0.1822,1025.0,256.0,0.021544346900318846,0.00021544346900318823
532,0.9203,0.0985,0.8538,0.1637,1025.0,256.0,0.01,0.00021544346900318823
533,0.8807,0.1373,0.8707,0.1471,1025.0,256.0,0.004641588833612782,0.00021544346900318823
534,0.8847,0.1334,0.8989,0.1195,1025.0,256.0,0.0021544346900318843,0.00021544346900318823
535,0.9145,0.1042,0.9704,0.0495,1025.0,256.0,0.001,0.00021544346900318823
536,0.9485,0.0709,1.0013,0.0192,1025.0,256.0,0.0004641588833612782,0.00021544346900318823
537,0.9867,0.0335,1.0362,-0.0149,1025.0,256.0,0.00021544346900318845,0.00021544346900318823
538,0.985,0.0351,1.1094,-0.0867,1025.0,256.0,0.0001,0.00021544346900318823
539,1.0073,0.0133,0.7054,0.3091,1025.0,256.0,0.5,0.0005994842503189409
540,1.0262,-0.0051,0.7458,0.2694,1025.0,256.0,0.1,0.0005994842503189409
541,0.8613,0.1563,0.794,0.2222,1025.0,256.0,0.046415888336127795,0.0005994842503189409
542,0.8809,0.1372,0.8347,0.1823,1025.0,256.0,0.021544346900318846,0.0005994842503189409
543,0.895,0.1233,0.8549,0.1626,1025.0,256.0,0.01,0.0005994842503189409
544,0.8799,0.1381,0.8724,0.1455,1025.0,256.0,0.004641588833612782,0.0005994842503189409
545,0.8834,0.1347,0.9054,0.1132,1025.0,256.0,0.0021544346900318843,0.0005994842503189409
546,0.9101,0.1085,0.9755,0.0445,1025.0,256.0,0.001,0.0005994842503189409
547,0.9555,0.0641,1.0017,0.0188,1025.0,256.0,0.0004641588833612782,0.0005994842503189409
548,0.9579,0.0617,1.0331,-0.0119,1025.0,256.0,0.00021544346900318845,0.0005994842503189409
549,1.0143,0.0064,1.1038,-0.0812,1025.0,256.0,0.0001,0.0005994842503189409
550,1.0275,-0.0065,0.7137,0.3009,1025.0,256.0,0.5,0.0016681005372000592
551,1.0211,-0.0002,0.7588,0.2567,1025.0,256.0,0.1,0.0016681005372000592
552,0.8325,0.1846,0.8032,0.2133,1025.0,256.0,0.046415888336127795,0.0016681005372000592
553,0.8675,0.1503,0.8411,0.1762,1025.0,256.0,0.021544346900318846,0.0016681005372000592
554,0.8836,0.1345,0.8619,0.1557,1025.0,256.0,0.01,0.0016681005372000592
555,0.8848,0.1334,0.8804,0.1376,1025.0,256.0,0.004641588833612782,0.0016681005372000592
556,0.8839,0.1342,0.934,0.0851,1025.0,256.0,0.0021544346900318843,0.0016681005372000592
557,0.9181,0.1007,0.9867,0.0335,1025.0,256.0,0.001,0.0016681005372000592
558,0.9595,0.0601,1.0032,0.0173,1025.0,256.0,0.0004641588833612782,0.0016681005372000592
559,0.9807,0.0394,1.0264,-0.0054,1025.0,256.0,0.00021544346900318845,0.0016681005372000592
560,1.0474,-0.026,1.0897,-0.0674,1025.0,256.0,0.0001,0.0016681005372000592
561,0.9686,0.0513,0.8084,0.2081,1025.0,256.0,0.5,0.004641588833612777
562,0.8456,0.1717,0.8161,0.2006,1025.0,256.0,0.1,0.004641588833612777
563,0.8034,0.2131,0.8486,0.1688,1025.0,256.0,0.046415888336127795,0.004641588833612777
564,0.872,0.1458,0.8716,0.1463,1025.0,256.0,0.021544346900318846,0.004641588833612777
565,0.8797,0.1383,0.8908,0.1275,1025.0,256.0,0.01,0.004641588833612777
566,0.8795,0.1385,0.9208,0.0981,1025.0,256.0,0.004641588833612782,0.004641588833612777
567,0.8839,0.1342,0.9844,0.0357,1025.0,256.0,0.0021544346900318843,0.004641588833612777
568,0.9118,0.1069,1.003,0.0175,1025.0,256.0,0.001,0.004641588833612777
569,0.9715,0.0484,1.0079,0.0127,1025.0,256.0,0.0004641588833612782,0.004641588833612777
570,1.0179,0.003,1.0175,0.0033,1025.0,256.0,0.00021544346900318845,0.004641588833612777
571,0.9827,0.0374,1.0603,-0.0386,1025.0,256.0,0.0001,0.004641588833612777
572,1.0552,-0.0336,1.0212,-0.0003,1025.0,256.0,0.5,0.012915496650148827
573,1.021,-0.0001,0.9095,0.1092,1025.0,256.0,0.1,0.012915496650148827
574,1.0252,-0.0042,0.9233,0.0956,1025.0,256.0,0.046415888336127795,0.012915496650148827
575,0.8801,0.1379,0.9337,0.0854,1025.0,256.0,0.021544346900318846,0.012915496650148827
576,0.8831,0.135,0.9572,0.0624,1025.0,256.0,0.01,0.012915496650148827
577,0.8825,0.1356,0.9993,0.0211,1025.0,256.0,0.004641588833612782,0.012915496650148827
578,0.8873,0.1309,1.0118,0.009,1025.0,256.0,0.0021544346900318843,0.012915496650148827
579,0.9199,0.099,1.0139,0.0069,1025.0,256.0,0.001,0.012915496650148827
580,0.9348,0.0843,1.014,0.0068,1025.0,256.0,0.0004641588833612782,0.012915496650148827
581,0.9695,0.0503,1.0149,0.0059,1025.0,256.0,0.00021544346900318845,0.012915496650148827
582,1.0091,0.0116,1.0272,-0.0062,1025.0,256.0,0.0001,0.012915496650148827
583,1.0211,-0.0002,1.0212,-0.0003,1025.0,256.0,0.5,0.03593813663804626
584,1.0209,-0.0,0.9765,0.0435,1025.0,256.0,0.1,0.03593813663804626
585,1.0208,0.0001,0.981,0.0391,1025.0,256.0,0.046415888336127795,0.03593813663804626
586,0.896,0.1224,0.9941,0.0262,1025.0,256.0,0.021544346900318846,0.03593813663804626
587,0.8855,0.1327,1.0127,0.008,1025.0,256.0,0.01,0.03593813663804626
588,0.8956,0.1227,1.0176,0.0032,1025.0,256.0,0.004641588833612782,0.03593813663804626
589,0.8917,0.1265,1.0184,0.0024,1025.0,256.0,0.0021544346900318843,0.03593813663804626
590,0.9096,0.109,1.0183,0.0025,1025.0,256.0,0.001,0.03593813663804626
591,0.9456,0.0738,1.0178,0.003,1025.0,256.0,0.0004641588833612782,0.03593813663804626
592,1.0064,0.0142,1.0172,0.0036,1025.0,256.0,0.00021544346900318845,0.03593813663804626
593,1.0115,0.0092,1.0177,0.0031,1025.0,256.0,0.0001,0.03593813663804626
594,1.0217,-0.0008,1.0212,-0.0003,1025.0,256.0,0.5,0.1
595,1.0216,-0.0007,1.0212,-0.0003,1025.0,256.0,0.1,0.1
596,0.897,0.1214,1.0145,0.0063,1025.0,256.0,0.046415888336127795,0.1
597,0.905,0.1135,1.0183,0.0026,1025.0,256.0,0.021544346900318846,0.1
598,0.9086,0.11,1.0199,0.001,1025.0,256.0,0.01,0.1
599,0.8964,0.122,1.0202,0.0007,1025.0,256.0,0.004641588833612782,0.1
600,0.9021,0.1164,1.0202,0.0007,1025.0,256.0,0.0021544346900318843,0.1
601,0.9309,0.0881,1.02,0.0008,1025.0,256.0,0.001,0.1
602,0.9812,0.0389,1.0197,0.0012,1025.0,256.0,0.0004641588833612782,0.1
603,0.9847,0.0355,1.0192,0.0017,1025.0,256.0,0.00021544346900318845,0.1
604,1.0483,-0.0268,1.0185,0.0023,1025.0,256.0,0.0001,0.1
605,1.0235,-0.0025,1.0212,-0.0003,2049.0,512.0,0.5,0.0
606,1.0211,-0.0002,1.0212,-0.0003,2049.0,512.0,0.1,0.0
607,1.021,-0.0001,1.0213,-0.0004,2049.0,512.0,0.046415888336127795,0.0
608,0.8559,0.1616,1.0213,-0.0004,2049.0,512.0,0.021544346900318846,0.0
609,0.911,0.1077,1.0215,-0.0006,2049.0,512.0,0.01,0.0
610,0.9588,0.0609,1.0218,-0.0009,2049.0,512.0,0.004641588833612782,0.0
611,0.8856,0.1325,1.0224,-0.0015,2049.0,512.0,0.0021544346900318843,0.0
612,0.9142,0.1045,1.0235,-0.0025,2049.0,512.0,0.001,0.0
613,0.9481,0.0713,1.0251,-0.0041,2049.0,512.0,0.0004641588833612782,0.0
614,0.9768,0.0432,1.027,-0.006,2049.0,512.0,0.00021544346900318845,0.0
615,1.0077,0.0129,1.0287,-0.0076,2049.0,512.0,0.0001,0.0
616,1.0372,-0.0159,1.0212,-0.0003,2049.0,512.0,0.5,1e-05
617,0.7818,0.2342,1.0212,-0.0003,2049.0,512.0,0.1,1e-05
618,1.022,-0.0011,1.0213,-0.0004,2049.0,512.0,0.046415888336127795,1e-05
619,0.8352,0.1819,1.0213,-0.0004,2049.0,512.0,0.021544346900318846,1e-05
620,0.8788,0.1392,1.0215,-0.0006,2049.0,512.0,0.01,1e-05
621,0.8925,0.1258,1.0218,-0.0009,2049.0,512.0,0.004641588833612782,1e-05
622,0.8818,0.1363,1.0224,-0.0015,2049.0,512.0,0.0021544346900318843,1e-05
623,0.9139,0.1048,1.0235,-0.0025,2049.0,512.0,0.001,1e-05
624,0.9497,0.0697,1.0251,-0.0041,2049.0,512.0,0.0004641588833612782,1e-05
625,1.0062,0.0144,1.027,-0.006,2049.0,512.0,0.00021544346900318845,1e-05
626,0.9996,0.0208,1.0287,-0.0076,2049.0,512.0,0.0001,1e-05
627,1.0377,-0.0165,1.0212,-0.0003,2049.0,512.0,0.5,2.782559402207126e-05
628,1.0229,-0.0019,1.0212,-0.0003,2049.0,512.0,0.1,2.782559402207126e-05
629,1.0279,-0.0068,1.0213,-0.0004,2049.0,512.0,0.046415888336127795,2.782559402207126e-05
630,1.0924,-0.07,1.0213,-0.0004,2049.0,512.0,0.021544346900318846,2.782559402207126e-05
631,0.8809,0.1371,1.0215,-0.0006,2049.0,512.0,0.01,2.782559402207126e-05
632,0.9173,0.1015,1.0218,-0.0009,2049.0,512.0,0.004641588833612782,2.782559402207126e-05
633,0.8834,0.1347,1.0224,-0.0015,2049.0,512.0,0.0021544346900318843,2.782559402207126e-05
634,0.9134,0.1053,1.0235,-0.0025,2049.0,512.0,0.001,2.782559402207126e-05
635,0.9712,0.0487,1.0251,-0.0041,2049.0,512.0,0.0004641588833612782,2.782559402207126e-05
636,0.9752,0.0447,1.027,-0.006,2049.0,512.0,0.00021544346900318845,2.782559402207126e-05
637,0.9874,0.0328,1.0287,-0.0076,2049.0,512.0,0.0001,2.782559402207126e-05
638,1.0437,-0.0223,1.0212,-0.0003,2049.0,512.0,0.5,7.742636826811278e-05
639,1.0213,-0.0004,1.0212,-0.0003,2049.0,512.0,0.1,7.742636826811278e-05
640,1.0217,-0.0008,1.0213,-0.0004,2049.0,512.0,0.046415888336127795,7.742636826811278e-05
641,1.082,-0.0599,1.0213,-0.0004,2049.0,512.0,0.021544346900318846,7.742636826811278e-05
642,0.8781,0.1399,1.0215,-0.0006,2049.0,512.0,0.01,7.742636826811278e-05
643,0.8933,0.125,1.0218,-0.0009,2049.0,512.0,0.004641588833612782,7.742636826811278e-05
644,0.8837,0.1344,1.0224,-0.0015,2049.0,512.0,0.0021544346900318843,7.742636826811278e-05
645,0.9138,0.1049,1.0235,-0.0025,2049.0,512.0,0.001,7.742636826811278e-05
646,0.9499,0.0696,1.0251,-0.0041,2049.0,512.0,0.0004641588833612782,7.742636826811278e-05
647,0.9715,0.0484,1.027,-0.006,2049.0,512.0,0.00021544346900318845,7.742636826811278e-05
648,1.003,0.0175,1.0287,-0.0076,2049.0,512.0,0.0001,7.742636826811278e-05
649,1.021,-0.0001,1.0212,-0.0003,2049.0,512.0,0.5,0.00021544346900318823
650,1.0274,-0.0064,1.0212,-0.0003,2049.0,512.0,0.1,0.00021544346900318823
651,1.0219,-0.001,1.0213,-0.0004,2049.0,512.0,0.046415888336127795,0.00021544346900318823
652,1.2724,-0.2464,1.0213,-0.0004,2049.0,512.0,0.021544346900318846,0.00021544346900318823
653,0.8806,0.1374,1.0215,-0.0006,2049.0,512.0,0.01,0.00021544346900318823
654,0.8815,0.1366,1.0218,-0.0009,2049.0,512.0,0.004641588833612782,0.00021544346900318823
655,0.8898,0.1284,1.0224,-0.0015,2049.0,512.0,0.0021544346900318843,0.00021544346900318823
656,0.9087,0.1099,1.0235,-0.0025,2049.0,512.0,0.001,0.00021544346900318823
657,0.9521,0.0674,1.0251,-0.0041,2049.0,512.0,0.0004641588833612782,0.00021544346900318823
658,0.9947,0.0257,1.027,-0.006,2049.0,512.0,0.00021544346900318845,0.00021544346900318823
659,1.0061,0.0145,1.0287,-0.0076,2049.0,512.0,0.0001,0.00021544346900318823
660,1.0213,-0.0004,1.0212,-0.0003,2049.0,512.0,0.5,0.0005994842503189409
661,1.0223,-0.0013,1.0212,-0.0003,2049.0,512.0,0.1,0.0005994842503189409
662,1.021,-0.0001,1.0213,-0.0004,2049.0,512.0,0.046415888336127795,0.0005994842503189409
663,1.0315,-0.0104,1.0213,-0.0004,2049.0,512.0,0.021544346900318846,0.0005994842503189409
664,0.8774,0.1406,1.0215,-0.0006,2049.0,512.0,0.01,0.0005994842503189409
665,0.8929,0.1254,1.0218,-0.0009,2049.0,512.0,0.004641588833612782,0.0005994842503189409
666,0.8861,0.132,1.0224,-0.0015,2049.0,512.0,0.0021544346900318843,0.0005994842503189409
667,0.9054,0.1132,1.0235,-0.0025,2049.0,512.0,0.001,0.0005994842503189409
668,0.9345,0.0846,1.0251,-0.0041,2049.0,512.0,0.0004641588833612782,0.0005994842503189409
669,0.9783,0.0417,1.027,-0.006,2049.0,512.0,0.00021544346900318845,0.0005994842503189409
670,0.9892,0.031,1.0286,-0.0076,2049.0,512.0,0.0001,0.0005994842503189409
671,1.0352,-0.014,1.0212,-0.0003,2049.0,512.0,0.5,0.0016681005372000592
672,1.0233,-0.0023,1.0212,-0.0003,2049.0,512.0,0.1,0.0016681005372000592
673,1.0219,-0.001,1.0213,-0.0004,2049.0,512.0,0.046415888336127795,0.0016681005372000592
